Products,Catogery 
Organic,Organic
Bakedgoods,Food
Cheese,Food
Crafts ,Crafts 
Flowers ,Plant Based
Eggs,Meat Products 
Seafood,Meat Products 
Herbs,Plant Based
Vegetables,Plant Based
Honey,Canned Food
Jams,Canned Food
Maple,Canned Food
Meat,Meat Products 
Nursery ,Plant Based
Nuts,Canned Food
Plants,Plant Based
Poultry,Meat Products 
Prepared,Canned Food
Soap,Home Needs
Trees,Plant Based
Wine ,Wine
Coffee,Home Needs
Beans,Canned Food
Fruits ,Food
Grains ,Food
Juices,Food
Mushrooms,Canned Food
PetFood,Canned Food
Tofu ,Food
WildHarvested,Plant Based
